$,$,$
Fonzie,6966,38
Fonzie,2521,5
Fonzie,6344,4
Fonzie,5833,19
Fonzie,4976,26
Fonzie,6320,5
Fonzie,5010,2
Fonzie,5750,20
Fonzie,7485,2
Fonzie,6638,2
Fonzie,4705,1
Fonzie,7436,20
Fonzie,7472,7
Fonzie,7556,50
Fonzie,5559,38
Fonzie,2848,32
Fonzie,5844,1
Fonzie,795,1
Fonzie,6506,1
Fonzie,2764,212
Fonzie,7547,4
Fonzie,6204,6
Fonzie,7623,1
Fonzie,7561,1
Fonzie,2155,1
$,$,$
Lele,4964,43
Lele,7603,1
Lele,1930,1
Lele,2788,28
Lele,6485,4
Lele,6495,3
Lele,5675,5
Lele,4807,15
Lele,4177,2
Lele,5862,2
Lele,7414,1
Lele,632,32
Lele,152,25
Lele,1850,16
Lele,6844,16
Lele,7625,10
Lele,6677,2
Lele,6833,1
Lele,5680,1
Lele,5951,60
Lele,531,94
Lele,2038,42
Lele,2061,53
Lele,5734,20
Lele,6831,5
$,$,$
Christian,5116,55
Christian,6248,3
Christian,2814,3
Christian,2120,30
Christian,5365,4
Christian,4317,23
Christian,6496,7
Christian,6202,1
Christian,2816,21
Christian,4210,3
Christian,7220,3
Christian,5589,27
Christian,7314,15
Christian,6884,34
Christian,1870,34
Christian,4287,2
Christian,6717,1
Christian,827,2
Christian,779,3
Christian,7523,6
Christian,6397,215
Christian,6215,2
Christian,6164,2
Christian,5918,1
Christian,7449,1
$,$,$
Pulpone & Loris,2134,7
Pulpone & Loris,6534,3
Pulpone & Loris,4360,6
Pulpone & Loris,5641,18
Pulpone & Loris,4998,37
Pulpone & Loris,6766,2
Pulpone & Loris,4734,4
Pulpone & Loris,5695,5
Pulpone & Loris,6989,5
Pulpone & Loris,6893,3
Pulpone & Loris,5838,1
Pulpone & Loris,6875,79
Pulpone & Loris,7126,67
Pulpone & Loris,6274,22
Pulpone & Loris,5507,3
Pulpone & Loris,536,10
Pulpone & Loris,5888,1
Pulpone & Loris,6666,4
Pulpone & Loris,5500,1
Pulpone & Loris,5995,47
Pulpone & Loris,5436,17
Pulpone & Loris,7351,34
Pulpone & Loris,6572,24
Pulpone & Loris,7017,95
Pulpone & Loris,4896,3
$,$,$
Pier,133,16
Pier,6462,8
Pier,4485,2
Pier,6867,12
Pier,4657,11
Pier,7131,1
Pier,2296,28
Pier,4401,3
Pier,1852,16
Pier,5982,13
Pier,7529,1
Pier,4777,61
Pier,2379,43
Pier,2766,28
Pier,4892,12
Pier,7618,1
Pier,7129,1
Pier,6010,1
Pier,5791,1
Pier,2097,71
Pier,6752,111
Pier,6435,45
Pier,7484,5
Pier,5029,1
Pier,7620,1
$,$,$
Martinelli,6482,14
Martinelli,7332,2
Martinelli,7337,1
Martinelli,7181,35
Martinelli,6727,17
Martinelli,4409,24
Martinelli,5526,12
Martinelli,7599,4
Martinelli,6672,1
Martinelli,5578,1
Martinelli,5739,1
Martinelli,2517,45
Martinelli,4436,16
Martinelli,6372,26
Martinelli,530,1
Martinelli,6783,4
Martinelli,2077,1
Martinelli,7060,1
Martinelli,6398,1
Martinelli,6052,204
Martinelli,4923,12
Martinelli,6675,23
Martinelli,5694,18
Martinelli,6646,9
Martinelli,4371,24
$,$,$
Sirbu,4431,47
Sirbu,4236,3
Sirbu,4,1
Sirbu,4159,29
Sirbu,6660,2
Sirbu,7069,3
Sirbu,6664,6
Sirbu,6869,20
Sirbu,7294,6
Sirbu,4845,1
Sirbu,5751,1
Sirbu,2194,73
Sirbu,6190,4
Sirbu,6908,20
Sirbu,7036,1
Sirbu,5800,15
Sirbu,4856,8
Sirbu,7311,1
Sirbu,4911,2
Sirbu,4359,20
Sirbu,7347,5
Sirbu,6229,9
Sirbu,7071,88
Sirbu,6434,42
Sirbu,5637,86
$,$,$
Penio & Mirsel,572,34
Penio & Mirsel,2170,4
Penio & Mirsel,6415,3
Penio & Mirsel,7469,5
Penio & Mirsel,2514,7
Penio & Mirsel,5514,5
Penio & Mirsel,4502,2
Penio & Mirsel,6042,9
Penio & Mirsel,6531,5
Penio & Mirsel,7219,9
Penio & Mirsel,4994,10
Penio & Mirsel,6684,20
Penio & Mirsel,7535,7
Penio & Mirsel,4220,7
Penio & Mirsel,5858,4
Penio & Mirsel,1933,12
Penio & Mirsel,5792,21
Penio & Mirsel,184,26
Penio & Mirsel,4179,10
Penio & Mirsel,5585,222
Penio & Mirsel,6519,1
Penio & Mirsel,6967,70
Penio & Mirsel,7120,1
Penio & Mirsel,7600,5
Penio & Mirsel,7374,1
$,$,$
Potty,4312,56
Potty,6662,1
Potty,6813,1
Potty,254,61
Potty,5620,6
Potty,5831,1
Potty,4433,1
Potty,5520,5
Potty,5555,8
Potty,256,1
Potty,4137,1
Potty,4973,26
Potty,2167,45
Potty,2606,12
Potty,5119,17
Potty,7070,3
Potty,6618,2
Potty,6294,1
Potty,7223,1
Potty,2137,87
Potty,309,130
Potty,4463,3
Potty,7023,28
Potty,608,1
Potty,6556,1
$,$,$
Maicol & Matteo,5841,52
Maicol & Matteo,610,1
Maicol & Matteo,7301,1
Maicol & Matteo,5877,8
Maicol & Matteo,6217,23
Maicol & Matteo,554,11
Maicol & Matteo,6956,26
Maicol & Matteo,5022,23
Maicol & Matteo,4887,4
Maicol & Matteo,7329,1
Maicol & Matteo,7580,1
Maicol & Matteo,2423,65
Maicol & Matteo,2741,2
Maicol & Matteo,5687,19
Maicol & Matteo,7078,25
Maicol & Matteo,5823,4
Maicol & Matteo,5878,2
Maicol & Matteo,5172,7
Maicol & Matteo,4364,1
Maicol & Matteo,4871,175
Maicol & Matteo,6060,20
Maicol & Matteo,6904,4
Maicol & Matteo,7554,1
Maicol & Matteo,2832,6
Maicol & Matteo,6669,7
$,$,$